name	date
113250	2021-05-20
216130	2021-02-22
240954	2021-02-04
71759	2021-08-04
315975	2020-10-13
95162	2021-06-22
116617	2021-05-14
37790	2021-10-01
26471	2021-10-20
295241	2020-11-03
336749	2020-09-25
29199	2021-10-15
52818	2021-09-06
71995	2021-08-04
100805	2021-06-11
267847	2020-12-28
132119	2021-04-24
243204	2021-02-02
290661	2020-11-10
170668	2021-03-22
155575	2021-04-02
43566	2021-09-21
244043	2021-02-01
54319	2021-09-03
165096	2021-03-26
263076	2021-01-07
189055	2021-03-11
31073	2021-10-12
32729	2021-10-09
269376	2020-12-24
110168	2021-05-25
337163	2020-09-25
332304	2020-09-29
321348	2020-10-08
328076	2020-10-03
15005	2021-11-07
130524	2021-04-25
278865	2020-12-01
251863	2021-01-24
312637	2020-10-16
114766	2021-05-17
9443	2021-11-16
157138	2021-03-31
154835	2021-04-02
36302	2021-10-03
255211	2021-01-20
124489	2021-05-03
261936	2021-01-09
293784	2020-11-05
277310	2020-12-05
187761	2021-03-11
280495	2020-11-28
38580	2021-09-30
148746	2021-04-07
114143	2021-05-18
194238	2021-03-08
136961	2021-04-18
6014	2021-11-21
345671	2020-09-17
62467	2021-08-21
350576	2020-09-12
224728	2021-02-17
145907	2021-04-10
87881	2021-07-06
34883	2021-10-06
163591	2021-03-27
258713	2021-01-15
217083	2021-02-22
224585	2021-02-17
325488	2020-10-05
302213	2020-10-26
228945	2021-02-14
97636	2021-06-17
264032	2021-01-05
344026	2020-09-19
21359	2021-10-28
147129	2021-04-09
94515	2021-06-23
261498	2021-01-10
168713	2021-03-23
328743	2020-10-02
125193	2021-05-02
321688	2020-10-08
287466	2020-11-15
267642	2020-12-28
295623	2020-11-03
46203	2021-09-17
115667	2021-05-16
128106	2021-04-28
350662	2020-09-12
298780	2020-10-30
344298	2020-09-18
73914	2021-08-01
248114	2021-01-28
240568	2021-02-05
152976	2021-04-04
330776	2020-09-30
211842	2021-02-25
259045	2021-01-14
359041	2020-09-01
